trial_pk,trial_id,participant_id,session_id,cohort,site,block_order,language,started_at,blindness_onset,age_at_vision_loss,primary_language,language_proficiency,education_level,captcha_familiarity,screen_reader_frequency,computer_proficiency,primary_input_method,condition,instance_id,order_position,item_index,solve_time_s,orientation_time_s,execution_time_s,correct,attempts,gave_up,difficulty_rating,mental_effort,frustration,perceived_accessibility,ease_of_navigation,tab_away_events,excluded,exclusion_reason,clock_suspect,received_at
cad089fc-1bad-4e7b-a069-65e43d5a116d,,P02,c3a3ba78-f1ef-42a5-807c-617f791b7165,screen_reader_school,school_01,baseline_first,en,2026-08-11 07:41:14.052123+00,congenital,from_birth,other,native,secondary,slightly,daily,2,keyboard,audio_captcha_baseline,RECAPTCHA_V2,1,1,6.05,4.706,1.344,1,1,0,1.0,1.0,1.0,3.0,3.0,0,0,,False,2026-08-11 08:00:39.329413+00:00
03a3af3b-fa1d-4508-9aad-235c95f2f8b1,,P02,c3a3ba78-f1ef-42a5-807c-617f791b7165,screen_reader_school,school_01,baseline_first,en,2026-08-11 07:41:14.052123+00,congenital,from_birth,other,native,secondary,slightly,daily,2,keyboard,touchstone_grid,I0009,2,2,15.267,13.516,1.751,1,1,0,4.0,3.0,1.0,3.0,2.0,0,0,,False,2026-08-11 08:00:58.639976+00:00
1fa456b3-a238-4d27-98f5-e03635fa39fa,,P02,c3a3ba78-f1ef-42a5-807c-617f791b7165,screen_reader_school,school_01,baseline_first,en,2026-08-11 07:41:14.052123+00,congenital,from_birth,other,native,secondary,slightly,daily,2,keyboard,touchstone_grid,I0010,3,3,33.152,14.359,18.793,1,1,0,4.0,3.0,1.0,3.0,2.0,0,0,,False,2026-08-11 08:01:34.544352+00:00
c4f4cb37-806a-4051-8fe1-567233e1a7c1,,P02,c3a3ba78-f1ef-42a5-807c-617f791b7165,screen_reader_school,school_01,baseline_first,en,2026-08-11 07:41:14.052123+00,congenital,from_birth,other,native,secondary,slightly,daily,2,keyboard,touchstone_grid,I0011,4,4,39.128,27.746,11.382,1,1,0,4.0,3.0,1.0,3.0,2.0,0,0,,False,2026-08-11 08:02:16.712858+00:00
dd71e543-15f4-4b4d-be90-ca3fb00cc146,,P02,c3a3ba78-f1ef-42a5-807c-617f791b7165,screen_reader_school,school_01,baseline_first,en,2026-08-11 07:41:14.052123+00,congenital,from_birth,other,native,secondary,slightly,daily,2,keyboard,touchstone_grid,I0012,5,5,29.115,20.623,8.492,1,1,0,4.0,3.0,1.0,3.0,2.0,0,0,,False,2026-08-11 08:02:47.720278+00:00
187118b5-41b0-4005-88d9-fbae3ea24f3e,,P02,c3a3ba78-f1ef-42a5-807c-617f791b7165,screen_reader_school,school_01,baseline_first,en,2026-08-11 07:41:14.052123+00,congenital,from_birth,other,native,secondary,slightly,daily,2,keyboard,touchstone_grid,I0013,6,6,38.4,29.632,8.768,1,1,0,4.0,3.0,1.0,3.0,2.0,0,0,,False,2026-08-11 08:03:29.094937+00:00
e9c553f8-0287-42d6-a31a-ca92392e252c,,P02,c3a3ba78-f1ef-42a5-807c-617f791b7165,screen_reader_school,school_01,baseline_first,en,2026-08-11 07:41:14.052123+00,congenital,from_birth,other,native,secondary,slightly,daily,2,keyboard,touchstone_grid,I0014,7,7,30.245,19.673,10.572,1,1,0,4.0,3.0,1.0,3.0,2.0,0,0,,False,2026-08-11 08:04:02.787901+00:00
15631d61-4791-4fd1-8827-84d39ec50bc9,,P03,537b958c-e93f-4cd0-b3db-2a5864a63405,screen_reader_school,school_01,prototype_first,en,2026-08-11 07:41:14.052123+00,congenital,age_13_17,english,basic,secondary,never,less_than_weekly,3,braille_keyboard,touchstone_grid,I0009,1,1,63.384,60.567,2.817,1,1,0,4.0,3.0,3.0,4.0,2.0,1,0,,False,2026-08-11 11:32:16.574537+00:00
c0e5058f-d45b-4f00-aef0-55ea124fc41c,,P03,537b958c-e93f-4cd0-b3db-2a5864a63405,screen_reader_school,school_01,prototype_first,en,2026-08-11 07:41:14.052123+00,congenital,age_13_17,english,basic,secondary,never,less_than_weekly,3,braille_keyboard,touchstone_grid,I0010,2,2,22.4,2.318,20.082,1,1,0,4.0,3.0,3.0,4.0,2.0,0,0,,False,2026-08-11 11:32:40.866435+00:00
0d915429-5f8b-46ea-b452-667b42572967,,P03,537b958c-e93f-4cd0-b3db-2a5864a63405,screen_reader_school,school_01,prototype_first,en,2026-08-11 07:41:14.052123+00,congenital,age_13_17,english,basic,secondary,never,less_than_weekly,3,braille_keyboard,touchstone_grid,I0011,3,3,18.801,16.517,2.284,1,1,0,4.0,3.0,3.0,4.0,2.0,0,0,,False,2026-08-11 11:33:01.373595+00:00
1a65d748-9d16-4d6f-8d30-7db92a435550,,P03,537b958c-e93f-4cd0-b3db-2a5864a63405,screen_reader_school,school_01,prototype_first,en,2026-08-11 07:41:14.052123+00,congenital,age_13_17,english,basic,secondary,never,less_than_weekly,3,braille_keyboard,touchstone_grid,I0012,4,4,12.417,10.584,1.833,1,1,0,4.0,3.0,3.0,4.0,2.0,0,0,,False,2026-08-11 11:33:16.956720+00:00
5701b5ad-10e6-4b69-ba45-119855462ad8,,P03,537b958c-e93f-4cd0-b3db-2a5864a63405,screen_reader_school,school_01,prototype_first,en,2026-08-11 07:41:14.052123+00,congenital,age_13_17,english,basic,secondary,never,less_than_weekly,3,braille_keyboard,touchstone_grid,I0013,5,5,25.4,17.084,8.316,0,3,0,4.0,3.0,3.0,4.0,2.0,0,0,,False,2026-08-11 11:33:44.513742+00:00
ed3b8979-f86a-4e10-8048-ea35b729a70e,,P03,537b958c-e93f-4cd0-b3db-2a5864a63405,screen_reader_school,school_01,prototype_first,en,2026-08-11 07:41:14.052123+00,congenital,age_13_17,english,basic,secondary,never,less_than_weekly,3,braille_keyboard,touchstone_grid,I0014,6,6,26.65,25.167,1.483,1,1,0,4.0,3.0,3.0,4.0,2.0,0,0,,False,2026-08-11 11:34:13.721321+00:00
badf0273-ca57-4c72-af53-57dbf515783e,,P03,537b958c-e93f-4cd0-b3db-2a5864a63405,screen_reader_school,school_01,prototype_first,en,2026-08-11 07:41:14.052123+00,congenital,age_13_17,english,basic,secondary,never,less_than_weekly,3,braille_keyboard,audio_captcha_baseline,RECAPTCHA_V2,7,7,8.366,6.744,1.622,1,1,0,2.0,2.0,3.0,2.0,3.0,0,0,,False,2026-08-11 11:34:28.723728+00:00
d76241ee-3211-418c-afe9-f62b38efb22d,,P04,c8993d73-a752-49da-bec0-425cbac7c4b1,screen_reader_school,school_01,baseline_first,en,2026-08-11 07:41:14.052123+00,early_onset,age_6_12,other,native,higher_secondary,slightly,weekly,4,voice,audio_captcha_baseline,RECAPTCHA_V2,1,1,13.136,11.787,1.349,0,0,1,5.0,5.0,5.0,1.0,2.0,0,0,,False,2026-08-14 05:19:48.640942+00:00
71575b40-8a20-4e41-9da0-ba42771dee35,,P04,c8993d73-a752-49da-bec0-425cbac7c4b1,screen_reader_school,school_01,baseline_first,en,2026-08-11 07:41:14.052123+00,early_onset,age_6_12,other,native,higher_secondary,slightly,weekly,4,voice,touchstone_grid,I0009,2,2,80.456,64.494,15.962,1,1,0,1.0,2.0,1.0,2.0,2.0,0,0,,False,2026-08-14 05:21:43.407509+00:00
9b12e0b6-06a7-492c-869c-c9ad971ccb74,,P04,c8993d73-a752-49da-bec0-425cbac7c4b1,screen_reader_school,school_01,baseline_first,en,2026-08-11 07:41:14.052123+00,early_onset,age_6_12,other,native,higher_secondary,slightly,weekly,4,voice,touchstone_grid,I0010,3,3,96.001,51.029,44.972,1,2,0,1.0,2.0,1.0,2.0,2.0,0,0,,False,2026-08-14 05:23:24.979960+00:00
a3f51d29-7304-4a62-a625-a9720075e836,,P04,c8993d73-a752-49da-bec0-425cbac7c4b1,screen_reader_school,school_01,baseline_first,en,2026-08-11 07:41:14.052123+00,early_onset,age_6_12,other,native,higher_secondary,slightly,weekly,4,voice,touchstone_grid,I0011,4,4,43.28,38.748,4.532,1,1,0,1.0,2.0,1.0,2.0,2.0,0,0,,False,2026-08-14 05:24:21.371339+00:00
498fe9f8-4aea-4376-8948-d613855bc838,,P04,c8993d73-a752-49da-bec0-425cbac7c4b1,screen_reader_school,school_01,baseline_first,en,2026-08-11 07:41:14.052123+00,early_onset,age_6_12,other,native,higher_secondary,slightly,weekly,4,voice,touchstone_grid,I0012,5,5,92.864,57.652,35.212,1,3,0,1.0,2.0,1.0,2.0,2.0,0,0,,False,2026-08-14 05:26:01.663520+00:00
16f1ef69-bea8-426e-888a-a81ae87bfe0d,,P04,c8993d73-a752-49da-bec0-425cbac7c4b1,screen_reader_school,school_01,baseline_first,en,2026-08-11 07:41:14.052123+00,early_onset,age_6_12,other,native,higher_secondary,slightly,weekly,4,voice,touchstone_grid,I0013,6,6,66.976,64.828,2.148,1,1,0,1.0,2.0,1.0,2.0,2.0,0,0,,False,2026-08-14 05:27:14.795712+00:00
b8b3f76f-404d-4339-8928-a515b8a8c577,,P04,c8993d73-a752-49da-bec0-425cbac7c4b1,screen_reader_school,school_01,baseline_first,en,2026-08-11 07:41:14.052123+00,early_onset,age_6_12,other,native,higher_secondary,slightly,weekly,4,voice,touchstone_grid,I0014,7,7,84.496,80.836,3.66,1,1,0,1.0,2.0,1.0,2.0,2.0,0,0,,False,2026-08-14 05:28:43.927481+00:00
d9b5b580-2d73-4ca5-8a7a-eccc84ea2531,,P05,559da720-6afc-49b7-89ab-e70997d9ccc9,screen_reader_school,school_01,prototype_first,en,2026-08-11 07:41:14.052123+00,congenital,from_birth,other,native,secondary,never,weekly,1,keyboard,touchstone_grid,I0009,1,1,270.752,194.61,76.142,0,0,1,1.0,1.0,1.0,2.0,4.0,0,0,,False,2026-08-14 05:29:54.372535+00:00
fa15e672-c2ac-4b0c-8a80-e4fc351e34e7,,P07,9172312f-6586-46f2-89f7-ad2fe8d08115,screen_reader_school,school_01,prototype_first,en,2026-08-11 07:41:14.052123+00,congenital,from_birth,hindi,advanced,secondary,never,most_days,1,keyboard,touchstone_grid,I0009,1,1,147.81,114.47,33.34,1,1,0,2.0,3.0,2.0,5.0,4.0,0,0,,False,2026-08-14 05:35:27.258715+00:00
77c6a2b1-b56e-467b-95e9-a1ce5bffbf6f,,P05,559da720-6afc-49b7-89ab-e70997d9ccc9,screen_reader_school,school_01,prototype_first,en,2026-08-11 07:41:14.052123+00,congenital,from_birth,other,native,secondary,never,weekly,1,keyboard,touchstone_grid,I0010,2,2,338.038,253.122,84.916,1,1,0,1.0,1.0,1.0,2.0,4.0,0,0,,False,2026-08-14 05:36:36.143789+00:00
886cc29b-ddf3-47b4-8b49-e0febee797df,,P07,9172312f-6586-46f2-89f7-ad2fe8d08115,screen_reader_school,school_01,prototype_first,en,2026-08-11 07:41:14.052123+00,congenital,from_birth,hindi,advanced,secondary,never,most_days,1,keyboard,touchstone_grid,I0010,2,2,176.879,126.224,50.655,1,1,0,2.0,3.0,2.0,5.0,4.0,0,0,,False,2026-08-14 05:38:44.542665+00:00
aa37cf48-b257-456a-81d8-9750ac559041,,P08,f716cfaf-f7d9-4f69-bee0-470ee9c6b330,screen_reader_school,school_01,baseline_first,en,2026-08-11 07:41:14.052123+00,early_onset,age_1_5,hindi,native,higher_secondary,never,most_days,2,keyboard,audio_captcha_baseline,RECAPTCHA_V2,1,1,1.168,1.002,0.166,0,0,1,5.0,5.0,5.0,1.0,2.0,0,0,,False,2026-08-14 05:39:01.425739+00:00
66452ca1-3849-4e35-95cf-b0b1180043cc,,P08,f716cfaf-f7d9-4f69-bee0-470ee9c6b330,screen_reader_school,school_01,baseline_first,en,2026-08-11 07:41:14.052123+00,early_onset,age_1_5,hindi,native,higher_secondary,never,most_days,2,keyboard,touchstone_grid,I0009,2,2,35.728,28.949,6.779,1,1,0,4.0,3.0,3.0,1.0,1.0,0,0,,False,2026-08-14 05:40:07.374058+00:00
0bd9a95c-bac4-4355-9c36-f13bfc5a1b1e,,P08,f716cfaf-f7d9-4f69-bee0-470ee9c6b330,screen_reader_school,school_01,baseline_first,en,2026-08-11 07:41:14.052123+00,early_onset,age_1_5,hindi,native,higher_secondary,never,most_days,2,keyboard,touchstone_grid,I0010,3,3,44.545,42.131,2.414,1,1,0,4.0,3.0,3.0,1.0,1.0,0,0,,False,2026-08-14 05:40:56.830075+00:00
64b51ca3-5f1e-4f97-9032-424286cc1cd7,,P06,0d7ae241-73d6-4269-97d8-f604078f379e,screen_reader_school,school_01,baseline_first,en,2026-08-11 07:41:14.052123+00,early_onset,age_1_5,other,basic,secondary,slightly,weekly,3,voice,audio_captcha_baseline,RECAPTCHA_V2,1,1,11.232,9.971,1.261,0,0,1,2.0,1.0,1.0,4.0,4.0,0,0,,False,2026-08-14 05:41:04.565606+00:00
d4d50c91-c63d-4de6-9579-2f996f0cbb21,,P08,f716cfaf-f7d9-4f69-bee0-470ee9c6b330,screen_reader_school,school_01,baseline_first,en,2026-08-11 07:41:14.052123+00,early_onset,age_1_5,hindi,native,higher_secondary,never,most_days,2,keyboard,touchstone_grid,I0011,4,4,128.136,114.517,13.619,1,2,0,4.0,3.0,3.0,1.0,1.0,0,0,,False,2026-08-14 05:43:06.965713+00:00
c7e17bdf-a3b8-496c-91fc-d06112c379f0,,P06,0d7ae241-73d6-4269-97d8-f604078f379e,screen_reader_school,school_01,baseline_first,en,2026-08-11 07:41:14.052123+00,early_onset,age_1_5,other,basic,secondary,slightly,weekly,3,voice,touchstone_grid,I0009,2,2,71.056,65.228,5.828,1,1,0,1.0,2.0,1.0,3.0,3.0,0,0,,False,2026-08-14 05:43:20.864771+00:00
f44aced0-2483-44fe-bd6e-e9f5b544386f,,P07,9172312f-6586-46f2-89f7-ad2fe8d08115,screen_reader_school,school_01,prototype_first,en,2026-08-11 07:41:14.052123+00,congenital,from_birth,hindi,advanced,secondary,never,most_days,1,keyboard,touchstone_grid,I0011,3,3,328.939,132.186,196.753,1,2,0,2.0,3.0,2.0,5.0,4.0,0,0,,False,2026-08-14 05:44:26.094415+00:00
1c56d9dd-6f91-4879-86e0-22d82c1c081d,,P06,0d7ae241-73d6-4269-97d8-f604078f379e,screen_reader_school,school_01,baseline_first,en,2026-08-11 07:41:14.052123+00,early_onset,age_1_5,other,basic,secondary,slightly,weekly,3,voice,touchstone_grid,I0010,3,3,73.449,69.499,3.95,1,1,0,1.0,2.0,1.0,3.0,3.0,0,0,,False,2026-08-14 05:44:37.179179+00:00
ee0567b2-fd9f-43a4-9529-33c1321c1ffb,,P08,f716cfaf-f7d9-4f69-bee0-470ee9c6b330,screen_reader_school,school_01,baseline_first,en,2026-08-11 07:41:14.052123+00,early_onset,age_1_5,hindi,native,higher_secondary,never,most_days,2,keyboard,touchstone_grid,I0012,5,5,126.84,72.475,54.365,1,2,0,4.0,3.0,3.0,1.0,1.0,0,0,,False,2026-08-14 05:45:16.405951+00:00
639fdcd9-0b1c-4943-99e0-4d6028c7e07c,,P08,f716cfaf-f7d9-4f69-bee0-470ee9c6b330,screen_reader_school,school_01,baseline_first,en,2026-08-11 07:41:14.052123+00,early_onset,age_1_5,hindi,native,higher_secondary,never,most_days,2,keyboard,touchstone_grid,I0013,6,6,64.455,61.37,3.085,1,1,0,4.0,3.0,3.0,1.0,1.0,0,0,,False,2026-08-14 05:46:22.381176+00:00
323d6ac7-442c-4888-8dff-7647987355ca,,P06,0d7ae241-73d6-4269-97d8-f604078f379e,screen_reader_school,school_01,baseline_first,en,2026-08-11 07:41:14.052123+00,early_onset,age_1_5,other,basic,secondary,slightly,weekly,3,voice,touchstone_grid,I0011,4,4,170.736,165.812,4.924,1,1,0,1.0,2.0,1.0,3.0,3.0,0,0,,False,2026-08-14 05:47:30.264022+00:00
6bdb1e03-b9bf-46a0-aaa8-8f7983dc111e,,P07,9172312f-6586-46f2-89f7-ad2fe8d08115,screen_reader_school,school_01,prototype_first,en,2026-08-11 07:41:14.052123+00,congenital,from_birth,hindi,advanced,secondary,never,most_days,1,keyboard,touchstone_grid,I0012,4,4,192.392,180.627,11.765,1,1,0,2.0,3.0,2.0,5.0,4.0,0,0,,False,2026-08-14 05:47:46.209935+00:00
833ab8ee-148a-4e19-81ef-653b7bac3164,,P05,559da720-6afc-49b7-89ab-e70997d9ccc9,screen_reader_school,school_01,prototype_first,en,2026-08-11 07:41:14.052123+00,congenital,from_birth,other,native,secondary,never,weekly,1,keyboard,touchstone_grid,I0011,3,3,716.857,476.341,240.516,1,2,0,1.0,1.0,1.0,2.0,4.0,0,0,,False,2026-08-14 05:48:54.510324+00:00
878d0a25-cb0b-4c62-80d5-323811678a3a,,P07,9172312f-6586-46f2-89f7-ad2fe8d08115,screen_reader_school,school_01,prototype_first,en,2026-08-11 07:41:14.052123+00,congenital,from_birth,hindi,advanced,secondary,never,most_days,1,keyboard,touchstone_grid,I0013,5,5,111.615,100.96,10.655,1,1,0,2.0,3.0,2.0,5.0,4.0,0,0,,False,2026-08-14 05:49:43.948440+00:00
fd7dd2fd-73cb-442a-bc95-8c781e659764,,P08,f716cfaf-f7d9-4f69-bee0-470ee9c6b330,screen_reader_school,school_01,baseline_first,en,2026-08-11 07:41:14.052123+00,early_onset,age_1_5,hindi,native,higher_secondary,never,most_days,2,keyboard,touchstone_grid,I0014,7,7,196.327,175.65,20.677,1,2,0,4.0,3.0,3.0,1.0,1.0,0,0,,False,2026-08-14 05:49:45.688065+00:00
4584b411-b66a-4188-868c-028415525185,,P06,0d7ae241-73d6-4269-97d8-f604078f379e,screen_reader_school,school_01,baseline_first,en,2026-08-11 07:41:14.052123+00,early_onset,age_1_5,other,basic,secondary,slightly,weekly,3,voice,touchstone_grid,I0012,5,5,184.056,105.581,78.475,1,2,0,1.0,2.0,1.0,3.0,3.0,0,0,,False,2026-08-14 05:50:36.589800+00:00
34c65ed9-194a-403a-ae78-f120b49452e4,,P05,559da720-6afc-49b7-89ab-e70997d9ccc9,screen_reader_school,school_01,prototype_first,en,2026-08-11 07:41:14.052123+00,congenital,from_birth,other,native,secondary,never,weekly,1,keyboard,touchstone_grid,I0012,4,4,135.544,61.885,73.659,1,2,0,1.0,1.0,1.0,2.0,4.0,0,0,,False,2026-08-14 05:51:16.339394+00:00
4ec750d8-66c4-40eb-9477-a67ed9400db9,,P10,0f1fff3b-b8b3-45ff-8015-7c1d0a85922b,screen_reader_school,school_01,baseline_first,en,2026-08-11 07:41:14.052123+00,congenital,age_1_5,hindi,basic,secondary,slightly,never,1,keyboard,audio_captcha_baseline,RECAPTCHA_V2,1,1,26.504,22.811,3.693,0,0,1,3.0,3.0,3.0,2.0,3.0,0,0,,False,2026-08-14 05:52:17.212850+00:00
c1658322-fcea-49fe-a443-35debcb97925,,P05,559da720-6afc-49b7-89ab-e70997d9ccc9,screen_reader_school,school_01,prototype_first,en,2026-08-11 07:41:14.052123+00,congenital,from_birth,other,native,secondary,never,weekly,1,keyboard,touchstone_grid,I0013,5,5,85.56,51.644,33.916,1,1,0,1.0,1.0,1.0,2.0,4.0,0,0,,False,2026-08-14 05:52:46.250288+00:00
0e7824d8-fb4c-410f-8085-759dcce3e8b7,,P06,0d7ae241-73d6-4269-97d8-f604078f379e,screen_reader_school,school_01,baseline_first,en,2026-08-11 07:41:14.052123+00,early_onset,age_1_5,other,basic,secondary,slightly,weekly,3,voice,touchstone_grid,I0013,6,6,164.168,154.253,9.915,1,2,0,1.0,2.0,1.0,3.0,3.0,0,0,,False,2026-08-14 05:53:23.382098+00:00
a9ca2f2f-6eb2-4e3a-b586-578de741fad8,,P11,446c0910-b992-421b-a71f-6f14f5d570ac,screen_reader_school,school_01,prototype_first,en,2026-08-11 07:41:14.052123+00,congenital,age_1_5,hindi,basic,below_secondary,never,never,1,voice,touchstone_grid,I0009,1,1,68.832,63.864,4.968,1,1,0,2.0,2.0,3.0,3.0,2.0,0,0,,False,2026-08-14 05:53:50.910859+00:00
379afa02-56bf-402c-9811-548a7c5b6387,,P11,446c0910-b992-421b-a71f-6f14f5d570ac,screen_reader_school,school_01,prototype_first,en,2026-08-11 07:41:14.052123+00,congenital,age_1_5,hindi,basic,below_secondary,never,never,1,voice,touchstone_grid,I0010,2,2,37.032,15.896,21.136,1,1,0,2.0,2.0,3.0,3.0,2.0,0,0,,False,2026-08-14 05:54:30.891603+00:00
6a471392-f1bb-4a07-9ca5-09c72e91854c,,P06,0d7ae241-73d6-4269-97d8-f604078f379e,screen_reader_school,school_01,baseline_first,en,2026-08-11 07:41:14.052123+00,early_onset,age_1_5,other,basic,secondary,slightly,weekly,3,voice,touchstone_grid,I0014,7,7,91.44,88.364,3.076,1,1,0,1.0,2.0,1.0,3.0,3.0,0,0,,False,2026-08-14 05:54:57.203381+00:00
b1dcf8be-9e3e-4e67-88c8-efaccf889e36,,P05,559da720-6afc-49b7-89ab-e70997d9ccc9,screen_reader_school,school_01,prototype_first,en,2026-08-11 07:41:14.052123+00,congenital,from_birth,other,native,secondary,never,weekly,1,keyboard,touchstone_grid,I0014,6,6,150.329,146.117,4.212,1,1,0,1.0,1.0,1.0,2.0,4.0,0,0,,False,2026-08-14 05:55:19.616516+00:00
6ae9062e-aea1-4428-8cd1-eb9c23259fa2,,P11,446c0910-b992-421b-a71f-6f14f5d570ac,screen_reader_school,school_01,prototype_first,en,2026-08-11 07:41:14.052123+00,congenital,age_1_5,hindi,basic,below_secondary,never,never,1,voice,touchstone_grid,I0011,3,3,47.176,40.848,6.328,1,1,0,2.0,2.0,3.0,3.0,2.0,0,0,,False,2026-08-14 05:55:20.891625+00:00
b644cfff-99c8-4d9c-b2cf-3865f0f6c122,,P11,446c0910-b992-421b-a71f-6f14f5d570ac,screen_reader_school,school_01,prototype_first,en,2026-08-11 07:41:14.052123+00,congenital,age_1_5,hindi,basic,below_secondary,never,never,1,voice,touchstone_grid,I0012,4,4,60.016,16.584,43.432,1,1,0,2.0,2.0,3.0,3.0,2.0,0,0,,False,2026-08-14 05:56:23.884316+00:00
4608f8a9-6f53-45f7-86bf-7a337c6f980d,,P07,9172312f-6586-46f2-89f7-ad2fe8d08115,screen_reader_school,school_01,prototype_first,en,2026-08-11 07:41:14.052123+00,congenital,from_birth,hindi,advanced,secondary,never,most_days,1,keyboard,touchstone_grid,I0014,6,6,388.352,338.686,49.666,1,1,0,2.0,3.0,2.0,5.0,4.0,0,0,,False,2026-08-14 05:56:31.511966+00:00
324f3430-a8ea-476d-8344-ca308974a8f5,,P05,559da720-6afc-49b7-89ab-e70997d9ccc9,screen_reader_school,school_01,prototype_first,en,2026-08-11 07:41:14.052123+00,congenital,from_birth,other,native,secondary,never,weekly,1,keyboard,audio_captcha_baseline,RECAPTCHA_V2,7,7,28.657,13.283,15.374,0,0,1,,,,,,0,0,,False,2026-08-14 05:57:34.602518+00:00
f8ad7402-3dd7-4c3d-890d-ee86c4799c93,,P11,446c0910-b992-421b-a71f-6f14f5d570ac,screen_reader_school,school_01,prototype_first,en,2026-08-11 07:41:14.052123+00,congenital,age_1_5,hindi,basic,below_secondary,never,never,1,voice,touchstone_grid,I0013,5,5,262.505,33.641,228.864,0,3,0,2.0,2.0,3.0,3.0,2.0,0,0,,False,2026-08-14 06:00:49.623098+00:00
0718d36e-e005-4f67-9a23-cfd75abc8496,,P11,446c0910-b992-421b-a71f-6f14f5d570ac,screen_reader_school,school_01,prototype_first,en,2026-08-11 07:41:14.052123+00,congenital,age_1_5,hindi,basic,below_secondary,never,never,1,voice,touchstone_grid,I0014,6,6,300.568,242.193,58.375,0,3,0,2.0,2.0,3.0,3.0,2.0,0,0,,False,2026-08-14 06:05:59.636564+00:00
036e9f7d-8d2a-44d6-b634-ef560b84a529,,P11,446c0910-b992-421b-a71f-6f14f5d570ac,screen_reader_school,school_01,prototype_first,en,2026-08-11 07:41:14.052123+00,congenital,age_1_5,hindi,basic,below_secondary,never,never,1,voice,audio_captcha_baseline,RECAPTCHA_V2,7,7,1.896,1.696,0.2,0,0,1,3.0,3.0,1.0,3.0,3.0,0,0,,False,2026-08-14 06:06:53.015359+00:00
ff1cf8f1-2f24-443b-a6e2-b175803962dd,,P12,bf665272-a69a-44ad-bfff-2ecd6de735cf,screen_reader_school,school_01,baseline_first,en,2026-08-11 07:41:14.052123+00,congenital,from_birth,hindi,native,secondary,never,weekly,1,keyboard,audio_captcha_baseline,RECAPTCHA_V2,1,1,16.631,9.728,6.903,0,0,1,2.0,1.0,1.0,3.0,3.0,0,0,,False,2026-08-14 06:12:09.136437+00:00
4602e7dd-1e76-4c2e-92d8-cdcbb41466c2,,P12,bf665272-a69a-44ad-bfff-2ecd6de735cf,screen_reader_school,school_01,baseline_first,en,2026-08-11 07:41:14.052123+00,congenital,from_birth,hindi,native,secondary,never,weekly,1,keyboard,touchstone_grid,I0009,2,2,70.192,33.906,36.286,1,2,0,1.0,2.0,1.0,3.0,3.0,0,0,,False,2026-08-14 06:15:13.608899+00:00
4f74976b-0547-40a7-97ee-9c9428445f94,,P12,bf665272-a69a-44ad-bfff-2ecd6de735cf,screen_reader_school,school_01,baseline_first,en,2026-08-11 07:41:14.052123+00,congenital,from_birth,hindi,native,secondary,never,weekly,1,keyboard,touchstone_grid,I0010,3,3,28.496,23.328,5.168,1,1,0,1.0,2.0,1.0,3.0,3.0,0,0,,False,2026-08-14 06:15:44.782656+00:00
b8483039-205c-41d4-947b-dc1e232bdc16,,P12,bf665272-a69a-44ad-bfff-2ecd6de735cf,screen_reader_school,school_01,baseline_first,en,2026-08-11 07:41:14.052123+00,congenital,from_birth,hindi,native,secondary,never,weekly,1,keyboard,touchstone_grid,I0011,4,4,47.44,43.057,4.383,1,1,0,1.0,2.0,1.0,3.0,3.0,0,0,,False,2026-08-14 06:16:35.618952+00:00
b7bfb3cc-2e62-4456-ba62-32b28429b4ed,,P12,bf665272-a69a-44ad-bfff-2ecd6de735cf,screen_reader_school,school_01,baseline_first,en,2026-08-11 07:41:14.052123+00,congenital,from_birth,hindi,native,secondary,never,weekly,1,keyboard,touchstone_grid,I0012,5,5,47.528,43.704,3.824,1,1,0,1.0,2.0,1.0,3.0,3.0,0,0,,False,2026-08-14 06:17:24.947084+00:00
64b7e3bc-c477-4344-a3c1-1d09449c4af5,,P12,bf665272-a69a-44ad-bfff-2ecd6de735cf,screen_reader_school,school_01,baseline_first,en,2026-08-11 07:41:14.052123+00,congenital,from_birth,hindi,native,secondary,never,weekly,1,keyboard,touchstone_grid,I0013,6,6,43.057,38.249,4.808,1,1,0,1.0,2.0,1.0,3.0,3.0,0,0,,False,2026-08-14 06:18:11.146199+00:00
1866104f-3196-4f37-a853-8d36938e4ffc,,P12,bf665272-a69a-44ad-bfff-2ecd6de735cf,screen_reader_school,school_01,baseline_first,en,2026-08-11 07:41:14.052123+00,congenital,from_birth,hindi,native,secondary,never,weekly,1,keyboard,touchstone_grid,I0014,7,7,85.753,83.276,2.477,1,1,0,1.0,2.0,1.0,3.0,3.0,0,0,,False,2026-08-14 06:19:39.290098+00:00
f5b189f1-1dc3-4b1f-a999-41aa31f515f3,,P14,85730f96-a1e2-45ec-853d-fb6747eb5d6b,screen_reader_school,school_01,baseline_first,en,2026-08-11 07:41:14.052123+00,congenital,from_birth,hindi,fluent,secondary,never,daily,4,keyboard,audio_captcha_baseline,RECAPTCHA_V2,1,1,9.92,5.437,4.483,0,0,1,2.0,2.0,1.0,2.0,3.0,0,0,,False,2026-08-14 06:35:26.925191+00:00
53b9de6d-f6fe-4102-b3ad-0ed4012b993d,,P14,85730f96-a1e2-45ec-853d-fb6747eb5d6b,screen_reader_school,school_01,baseline_first,en,2026-08-11 07:41:14.052123+00,congenital,from_birth,hindi,fluent,secondary,never,daily,4,keyboard,touchstone_grid,I0009,2,2,63.208,55.652,7.556,1,1,0,1.0,1.0,1.0,2.0,4.0,0,0,,False,2026-08-14 06:37:11.858387+00:00
e771ed4b-a77f-41e4-be99-b4283e7223fa,,P15,72696bff-7158-4940-93bc-b6f909bf1fad,screen_reader_school,school_01,prototype_first,en,2026-08-11 07:41:14.052123+00,early_onset,from_birth,other,basic,below_secondary,slightly,weekly,1,voice,touchstone_grid,I0009,1,1,53.511,48.732,4.779,1,1,0,2.0,3.0,1.0,3.0,4.0,0,0,,False,2026-08-14 06:37:26.984521+00:00
9ba3f319-d3c2-4709-890c-667b379aa65c,,P15,72696bff-7158-4940-93bc-b6f909bf1fad,screen_reader_school,school_01,prototype_first,en,2026-08-11 07:41:14.052123+00,early_onset,from_birth,other,basic,below_secondary,slightly,weekly,1,voice,touchstone_grid,I0010,2,2,30.433,26.853,3.58,1,1,0,2.0,3.0,1.0,3.0,4.0,0,0,,False,2026-08-14 06:38:00.786926+00:00
4962d443-d36e-4d77-bd64-5b9914c077ff,,P14,85730f96-a1e2-45ec-853d-fb6747eb5d6b,screen_reader_school,school_01,baseline_first,en,2026-08-11 07:41:14.052123+00,congenital,from_birth,hindi,fluent,secondary,never,daily,4,keyboard,touchstone_grid,I0010,3,3,49.52,45.025,4.495,1,1,0,1.0,1.0,1.0,2.0,4.0,0,0,,False,2026-08-14 06:38:06.877656+00:00
72fc7753-9e77-49fd-b2f3-7dcf33b10560,,P14,85730f96-a1e2-45ec-853d-fb6747eb5d6b,screen_reader_school,school_01,baseline_first,en,2026-08-11 07:41:14.052123+00,congenital,from_birth,hindi,fluent,secondary,never,daily,4,keyboard,touchstone_grid,I0011,4,4,52.152,48.869,3.283,1,1,0,1.0,1.0,1.0,2.0,4.0,0,0,,False,2026-08-14 06:39:01.797152+00:00
80ed18f1-da46-44b1-86f0-8f36cdfe552a,,P17,650f25c0-daea-4465-a57f-197f216f8172,screen_reader_school,school_01,prototype_first,en,2026-08-11 07:41:14.052123+00,congenital,age_1_5,hindi,basic,below_secondary,never,never,2,voice,touchstone_grid,I0009,1,1,69.457,54.718,14.739,1,1,0,2.0,3.0,3.0,4.0,2.0,0,0,,False,2026-08-14 06:39:19.220113+00:00
e5370cf0-d474-431c-b66f-7fbcba9b42d0,,P16,2d25052c-ffab-457a-a900-cd9c3cf68798,screen_reader_school,school_01,baseline_first,en,2026-08-11 07:41:14.052123+00,congenital,from_birth,other,fluent,below_secondary,never,weekly,1,keyboard,audio_captcha_baseline,RECAPTCHA_V2,1,1,35.508,4.471,31.037,0,0,1,,,,,,0,0,,False,2026-08-14 06:39:21.367110+00:00
5416a70b-1af7-4b78-80f4-b52998a282df,,P13,6a234de7-7d7f-451d-8efa-349aea98cec0,screen_reader_school,school_01,prototype_first,en,2026-08-11 07:41:14.052123+00,congenital,from_birth,other,fluent,secondary,moderately,weekly,1,braille_keyboard,touchstone_grid,I0009,1,1,81.144,49.057,32.087,1,1,0,3.0,2.0,1.0,2.0,1.0,0,0,,False,2026-08-14 06:40:28.231795+00:00
bc36f8b1-3984-4ae1-927f-928281110419,,P13,6a234de7-7d7f-451d-8efa-349aea98cec0,screen_reader_school,school_01,prototype_first,en,2026-08-11 07:41:14.052123+00,congenital,from_birth,other,fluent,secondary,moderately,weekly,1,braille_keyboard,touchstone_grid,I0010,2,2,38.809,36.809,2.0,1,1,0,3.0,2.0,1.0,2.0,1.0,0,0,,False,2026-08-14 06:41:11.776968+00:00
eaacb2d0-0e45-4122-bc16-090cb64fb052,,P17,650f25c0-daea-4465-a57f-197f216f8172,screen_reader_school,school_01,prototype_first,en,2026-08-11 07:41:14.052123+00,congenital,age_1_5,hindi,basic,below_secondary,never,never,2,voice,touchstone_grid,I0010,2,2,105.392,56.779,48.613,0,1,1,2.0,3.0,3.0,4.0,2.0,0,0,,False,2026-08-14 06:41:13.674075+00:00
842c0ccb-60bf-4bb5-a7d3-dae2463028af,,P15,72696bff-7158-4940-93bc-b6f909bf1fad,screen_reader_school,school_01,prototype_first,en,2026-08-11 07:41:14.052123+00,early_onset,from_birth,other,basic,below_secondary,slightly,weekly,1,voice,touchstone_grid,I0011,3,3,217.386,213.333,4.053,1,1,0,2.0,3.0,1.0,3.0,4.0,0,0,,False,2026-08-14 06:41:42.695255+00:00
15e64d7f-749f-4af0-b6a3-203357c5f53a,,P13,6a234de7-7d7f-451d-8efa-349aea98cec0,screen_reader_school,school_01,prototype_first,en,2026-08-11 07:41:14.052123+00,congenital,from_birth,other,fluent,secondary,moderately,weekly,1,braille_keyboard,touchstone_grid,I0011,3,3,63.057,53.713,9.344,1,2,0,3.0,2.0,1.0,2.0,1.0,0,0,,False,2026-08-14 06:42:24.712123+00:00
757d0f6e-883c-40d7-a2aa-e23afc7ec19c,,P17,650f25c0-daea-4465-a57f-197f216f8172,screen_reader_school,school_01,prototype_first,en,2026-08-11 07:41:14.052123+00,congenital,age_1_5,hindi,basic,below_secondary,never,never,2,voice,touchstone_grid,I0011,3,3,75.6,61.778,13.822,1,1,0,2.0,3.0,3.0,4.0,2.0,0,0,,False,2026-08-14 06:42:36.192141+00:00
54f1f10b-4181-4b35-a318-db74dbadba9f,,P18,726ed3e4-5b5d-448b-baee-332fc548de21,screen_reader_school,school_01,baseline_first,en,2026-08-11 07:41:14.052123+00,congenital,age_1_5,hindi,basic,below_secondary,never,less_than_weekly,2,voice,audio_captcha_baseline,RECAPTCHA_V2,1,1,66.176,16.898,49.278,0,0,1,2.0,3.0,2.0,3.0,4.0,0,0,,False,2026-08-14 06:42:59.131957+00:00
b99c0096-2f3c-4935-902d-56334b8749af,,P14,85730f96-a1e2-45ec-853d-fb6747eb5d6b,screen_reader_school,school_01,baseline_first,en,2026-08-11 07:41:14.052123+00,congenital,from_birth,hindi,fluent,secondary,never,daily,4,keyboard,touchstone_grid,I0012,5,5,124.409,120.608,3.801,1,1,0,1.0,1.0,1.0,2.0,4.0,0,0,,False,2026-08-14 06:43:33.081226+00:00
25bb1509-3748-4080-aca4-57cc0d62704c,,P13,6a234de7-7d7f-451d-8efa-349aea98cec0,screen_reader_school,school_01,prototype_first,en,2026-08-11 07:41:14.052123+00,congenital,from_birth,other,fluent,secondary,moderately,weekly,1,braille_keyboard,touchstone_grid,I0012,4,4,77.408,51.808,25.6,1,2,0,3.0,2.0,1.0,2.0,1.0,0,0,,False,2026-08-14 06:43:45.474384+00:00
d7448f6a-5437-4700-80f5-645b019e7621,,P15,72696bff-7158-4940-93bc-b6f909bf1fad,screen_reader_school,school_01,prototype_first,en,2026-08-11 07:41:14.052123+00,early_onset,from_birth,other,basic,below_secondary,slightly,weekly,1,voice,touchstone_grid,I0012,4,4,125.12,97.391,27.729,1,2,0,2.0,3.0,1.0,3.0,4.0,0,0,,False,2026-08-14 06:43:48.546330+00:00
2c633b57-3cc0-4da3-a4ea-a0c9e16a8ef6,,P14,85730f96-a1e2-45ec-853d-fb6747eb5d6b,screen_reader_school,school_01,baseline_first,en,2026-08-11 07:41:14.052123+00,congenital,from_birth,hindi,fluent,secondary,never,daily,4,keyboard,touchstone_grid,I0013,6,6,28.865,24.702,4.163,1,1,0,1.0,1.0,1.0,2.0,4.0,0,0,,False,2026-08-14 06:44:03.677543+00:00
c0117179-324a-48ab-bb8b-15fadaa2a8b7,,P15,72696bff-7158-4940-93bc-b6f909bf1fad,screen_reader_school,school_01,prototype_first,en,2026-08-11 07:41:14.052123+00,early_onset,from_birth,other,basic,below_secondary,slightly,weekly,1,voice,touchstone_grid,I0013,5,5,62.68,58.733,3.947,1,1,0,2.0,3.0,1.0,3.0,4.0,0,0,,False,2026-08-14 06:44:54.739550+00:00
7e86d077-77b7-40ef-8d77-60edc6bc02f6,,P13,6a234de7-7d7f-451d-8efa-349aea98cec0,screen_reader_school,school_01,prototype_first,en,2026-08-11 07:41:14.052123+00,congenital,from_birth,other,fluent,secondary,moderately,weekly,1,braille_keyboard,touchstone_grid,I0013,5,5,106.336,62.993,43.343,1,2,0,3.0,2.0,1.0,2.0,1.0,0,0,,False,2026-08-14 06:45:36.583619+00:00
d6f957b5-7ece-47d2-b01a-2ab83039f02f,,P14,85730f96-a1e2-45ec-853d-fb6747eb5d6b,screen_reader_school,school_01,baseline_first,en,2026-08-11 07:41:14.052123+00,congenital,from_birth,hindi,fluent,secondary,never,daily,4,keyboard,touchstone_grid,I0014,7,7,122.121,118.533,3.588,1,1,0,1.0,1.0,1.0,2.0,4.0,0,0,,False,2026-08-14 06:46:08.743806+00:00
37f6bd9a-f246-40c4-a7a4-9d3ccc78492e,,P17,650f25c0-daea-4465-a57f-197f216f8172,screen_reader_school,school_01,prototype_first,en,2026-08-11 07:41:14.052123+00,congenital,age_1_5,hindi,basic,below_secondary,never,never,2,voice,touchstone_grid,I0012,4,4,196.087,120.818,75.269,1,1,0,2.0,3.0,3.0,4.0,2.0,0,0,,False,2026-08-14 06:46:08.920202+00:00
990c4113-032c-4692-90a4-aa68e93a4cd2,,P15,72696bff-7158-4940-93bc-b6f909bf1fad,screen_reader_school,school_01,prototype_first,en,2026-08-11 07:41:14.052123+00,early_onset,from_birth,other,basic,below_secondary,slightly,weekly,1,voice,touchstone_grid,I0014,6,6,86.568,83.764,2.804,1,1,0,2.0,3.0,1.0,3.0,4.0,0,0,,False,2026-08-14 06:46:23.002147+00:00
a98d70dc-ea0b-463c-bf03-b498ed132f95,,P15,72696bff-7158-4940-93bc-b6f909bf1fad,screen_reader_school,school_01,prototype_first,en,2026-08-11 07:41:14.052123+00,early_onset,from_birth,other,basic,below_secondary,slightly,weekly,1,voice,audio_captcha_baseline,RECAPTCHA_V2,7,7,11.288,3.601,7.687,0,0,1,3.0,2.0,1.0,3.0,3.0,0,0,,False,2026-08-14 06:47:12.611594+00:00
a67c3f84-23c9-4317-8190-0be6e2c807e6,,P17,650f25c0-daea-4465-a57f-197f216f8172,screen_reader_school,school_01,prototype_first,en,2026-08-11 07:41:14.052123+00,congenital,age_1_5,hindi,basic,below_secondary,never,never,2,voice,touchstone_grid,I0013,5,5,124.168,63.829,60.339,1,3,0,2.0,3.0,3.0,4.0,2.0,0,0,,False,2026-08-14 06:48:18.017967+00:00
eb8e022e-a435-423a-b622-7b5b5787c40c,,P13,6a234de7-7d7f-451d-8efa-349aea98cec0,screen_reader_school,school_01,prototype_first,en,2026-08-11 07:41:14.052123+00,congenital,from_birth,other,fluent,secondary,moderately,weekly,1,braille_keyboard,touchstone_grid,I0014,6,6,193.184,164.992,28.192,1,3,0,3.0,2.0,1.0,2.0,1.0,0,0,,False,2026-08-14 06:48:54.694266+00:00
e4b3ed41-d148-48b6-95cb-32a237386ef2,,P20,850293e8-029f-43c6-9924-bcd88b33639a,screen_reader_school,school_01,baseline_first,en,2026-08-11 07:41:14.052123+00,congenital,from_birth,other,fluent,below_secondary,never,weekly,1,keyboard,audio_captcha_baseline,RECAPTCHA_V2,1,1,13.848,13.848,0.0,0,0,1,5.0,5.0,5.0,1.0,1.0,0,0,,False,2026-08-14 06:51:19.729019+00:00
015f97ca-1b2c-4c50-8fa2-6291dad68038,,P17,650f25c0-daea-4465-a57f-197f216f8172,screen_reader_school,school_01,prototype_first,en,2026-08-11 07:41:14.052123+00,congenital,age_1_5,hindi,basic,below_secondary,never,never,2,voice,touchstone_grid,I0014,6,6,185.256,39.587,145.669,1,3,0,2.0,3.0,3.0,4.0,2.0,0,0,,False,2026-08-14 06:51:59.935143+00:00
b4cb5faa-fd8d-460f-b2a6-05c6a4e47013,,P19,a41157df-05f4-45cd-8263-9d62ae91cdbe,screen_reader_school,school_01,prototype_first,en,2026-08-11 07:41:14.052123+00,congenital,age_1_5,hindi,basic,below_secondary,never,less_than_weekly,2,voice,touchstone_grid,I0009,1,1,29.736,25.124,4.612,1,1,0,3.0,4.0,1.0,3.0,3.0,0,0,,False,2026-08-14 06:53:52.076792+00:00
5821df5b-4136-4695-a269-4ea20fb69af2,,P19,a41157df-05f4-45cd-8263-9d62ae91cdbe,screen_reader_school,school_01,prototype_first,en,2026-08-11 07:41:14.052123+00,congenital,age_1_5,hindi,basic,below_secondary,never,less_than_weekly,2,voice,touchstone_grid,I0010,2,2,27.712,18.148,9.564,1,1,0,3.0,4.0,1.0,3.0,3.0,0,0,,False,2026-08-14 06:54:22.028770+00:00
b1e8bf00-e330-4113-8e58-1b1fd76fa956,,P19,a41157df-05f4-45cd-8263-9d62ae91cdbe,screen_reader_school,school_01,prototype_first,en,2026-08-11 07:41:14.052123+00,congenital,age_1_5,hindi,basic,below_secondary,never,less_than_weekly,2,voice,touchstone_grid,I0011,3,3,77.424,38.42,39.004,1,1,0,3.0,4.0,1.0,3.0,3.0,0,0,,False,2026-08-14 06:55:41.764820+00:00
2de56026-1bbe-4274-8421-c4b4aaf81233,,P20,850293e8-029f-43c6-9924-bcd88b33639a,screen_reader_school,school_01,baseline_first,en,2026-08-11 07:41:14.052123+00,congenital,from_birth,other,fluent,below_secondary,never,weekly,1,keyboard,touchstone_grid,I0009,2,2,116.385,106.111,10.274,1,1,0,3.0,1.0,2.0,5.0,4.0,0,0,,False,2026-08-14 06:56:52.186803+00:00
bd958c30-c9cd-4613-84dd-d71aa3c4dd57,,P19,a41157df-05f4-45cd-8263-9d62ae91cdbe,screen_reader_school,school_01,prototype_first,en,2026-08-11 07:41:14.052123+00,congenital,age_1_5,hindi,basic,below_secondary,never,less_than_weekly,2,voice,touchstone_grid,I0012,4,4,85.792,83.084,2.708,1,1,0,3.0,4.0,1.0,3.0,3.0,0,0,,False,2026-08-14 06:57:09.591804+00:00
aef8c405-5afd-4d6c-9395-9ca902da3987,,P20,850293e8-029f-43c6-9924-bcd88b33639a,screen_reader_school,school_01,baseline_first,en,2026-08-11 07:41:14.052123+00,congenital,from_birth,other,fluent,below_secondary,never,weekly,1,keyboard,touchstone_grid,I0010,3,3,53.745,44.966,8.779,1,1,0,3.0,1.0,2.0,5.0,4.0,0,0,,False,2026-08-14 06:57:51.550700+00:00
4c9ae783-0a18-4a08-bd1f-041650d0ed36,,P19,a41157df-05f4-45cd-8263-9d62ae91cdbe,screen_reader_school,school_01,prototype_first,en,2026-08-11 07:41:14.052123+00,congenital,age_1_5,hindi,basic,below_secondary,never,less_than_weekly,2,voice,touchstone_grid,I0013,5,5,69.272,53.836,15.436,1,2,0,3.0,4.0,1.0,3.0,3.0,0,0,,False,2026-08-14 06:58:21.136403+00:00
739fea1f-f3c9-4651-b31b-29287ba0284d,,P22,f17a2a24-1145-4303-911c-d4c1c5b62fdb,screen_reader_school,school_01,baseline_first,en,2026-08-11 07:41:14.052123+00,congenital,age_1_5,other,native,secondary,never,most_days,3,keyboard,audio_captcha_baseline,RECAPTCHA_V2,1,1,5.601,5.501,0.1,0,0,1,4.0,4.0,3.0,3.0,2.0,0,0,,False,2026-08-14 06:59:16.758221+00:00
0feac66e-e3d0-4862-ab57-66c8f252c3be,,P20,850293e8-029f-43c6-9924-bcd88b33639a,screen_reader_school,school_01,baseline_first,en,2026-08-11 07:41:14.052123+00,congenital,from_birth,other,fluent,below_secondary,never,weekly,1,keyboard,touchstone_grid,I0011,4,4,84.065,77.349,6.716,1,1,0,3.0,1.0,2.0,5.0,4.0,0,0,,False,2026-08-14 06:59:21.081694+00:00
3ebd4e0c-b7ff-4f29-8877-a202e82fa106,,P19,a41157df-05f4-45cd-8263-9d62ae91cdbe,screen_reader_school,school_01,prototype_first,en,2026-08-11 07:41:14.052123+00,congenital,age_1_5,hindi,basic,below_secondary,never,less_than_weekly,2,voice,touchstone_grid,I0014,6,6,91.936,88.284,3.652,1,1,0,3.0,4.0,1.0,3.0,3.0,0,0,,False,2026-08-14 06:59:55.126360+00:00
d66a0cd6-ffb0-41bf-82d8-f618c4fca64b,,P22,f17a2a24-1145-4303-911c-d4c1c5b62fdb,screen_reader_school,school_01,baseline_first,en,2026-08-11 07:41:14.052123+00,congenital,age_1_5,other,native,secondary,never,most_days,3,keyboard,touchstone_grid,I0009,2,2,29.152,26.185,2.967,1,1,0,3.0,3.0,1.0,2.0,3.0,0,0,,False,2026-08-14 07:00:12.257850+00:00
1f06b0b8-dd13-40e8-af3b-e2de1cbc17ac,,P22,f17a2a24-1145-4303-911c-d4c1c5b62fdb,screen_reader_school,school_01,baseline_first,en,2026-08-11 07:41:14.052123+00,congenital,age_1_5,other,native,secondary,never,most_days,3,keyboard,touchstone_grid,I0010,3,3,29.376,26.764,2.612,1,1,0,3.0,3.0,1.0,2.0,3.0,0,0,,False,2026-08-14 07:00:44.259026+00:00
ba7a6fa3-4745-456e-9920-475a7d249fc0,,P19,a41157df-05f4-45cd-8263-9d62ae91cdbe,screen_reader_school,school_01,prototype_first,en,2026-08-11 07:41:14.052123+00,congenital,age_1_5,hindi,basic,below_secondary,never,less_than_weekly,2,voice,audio_captcha_baseline,RECAPTCHA_V2,7,7,0.888,0.837,0.051,0,0,1,2.0,2.0,1.0,2.0,3.0,0,0,,False,2026-08-14 07:01:00.515495+00:00
db0789c8-05f0-4fd3-b405-686dd2cc8216,,P22,f17a2a24-1145-4303-911c-d4c1c5b62fdb,screen_reader_school,school_01,baseline_first,en,2026-08-11 07:41:14.052123+00,congenital,age_1_5,other,native,secondary,never,most_days,3,keyboard,touchstone_grid,I0011,4,4,51.528,48.421,3.107,1,1,0,3.0,3.0,1.0,2.0,3.0,0,0,,False,2026-08-14 07:01:38.701992+00:00
6450915b-dae1-40a0-9de1-3bfdab286d8b,,P17,650f25c0-daea-4465-a57f-197f216f8172,screen_reader_school,school_01,prototype_first,en,2026-08-11 07:41:14.052123+00,congenital,age_1_5,hindi,basic,below_secondary,never,never,2,voice,audio_captcha_baseline,RECAPTCHA_V2,7,7,16.792,13.035,3.757,0,0,1,3.0,3.0,3.0,3.0,3.0,0,0,,False,2026-08-14 07:01:56.602383+00:00
fb17b05b-8561-466e-8cab-b05237f6ccb8,,P22,f17a2a24-1145-4303-911c-d4c1c5b62fdb,screen_reader_school,school_01,baseline_first,en,2026-08-11 07:41:14.052123+00,congenital,age_1_5,other,native,secondary,never,most_days,3,keyboard,touchstone_grid,I0012,5,5,37.88,30.717,7.163,1,1,0,3.0,3.0,1.0,2.0,3.0,0,0,,False,2026-08-14 07:02:18.514349+00:00
3a0658f1-3318-4231-82cf-4674161ebaeb,,P20,850293e8-029f-43c6-9924-bcd88b33639a,screen_reader_school,school_01,baseline_first,en,2026-08-11 07:41:14.052123+00,congenital,from_birth,other,fluent,below_secondary,never,weekly,1,keyboard,touchstone_grid,I0012,5,5,204.065,81.907,122.158,1,2,0,3.0,1.0,2.0,5.0,4.0,0,0,,False,2026-08-14 07:02:55.073545+00:00
aeed6d42-767a-4708-8611-e2c38eded886,,P22,f17a2a24-1145-4303-911c-d4c1c5b62fdb,screen_reader_school,school_01,baseline_first,en,2026-08-11 07:41:14.052123+00,congenital,age_1_5,other,native,secondary,never,most_days,3,keyboard,touchstone_grid,I0013,6,6,48.632,44.709,3.923,1,1,0,3.0,3.0,1.0,2.0,3.0,0,0,,False,2026-08-14 07:03:09.683173+00:00
e8738391-1a2b-4e68-9c80-a3773c481862,,P22,f17a2a24-1145-4303-911c-d4c1c5b62fdb,screen_reader_school,school_01,baseline_first,en,2026-08-11 07:41:14.052123+00,congenital,age_1_5,other,native,secondary,never,most_days,3,keyboard,touchstone_grid,I0014,7,7,67.48,64.685,2.795,1,1,0,3.0,3.0,1.0,2.0,3.0,0,0,,False,2026-08-14 07:04:19.951726+00:00
84bdd5fd-67ae-4987-8b1e-e0b695eacbc1,,P20,850293e8-029f-43c6-9924-bcd88b33639a,screen_reader_school,school_01,baseline_first,en,2026-08-11 07:41:14.052123+00,congenital,from_birth,other,fluent,below_secondary,never,weekly,1,keyboard,touchstone_grid,I0013,6,6,82.449,74.216,8.233,1,1,0,3.0,1.0,2.0,5.0,4.0,0,0,,False,2026-08-14 07:04:31.579379+00:00
8ff5d289-6482-401d-b84c-dba6c0814d91,,P20,850293e8-029f-43c6-9924-bcd88b33639a,screen_reader_school,school_01,baseline_first,en,2026-08-11 07:41:14.052123+00,congenital,from_birth,other,fluent,below_secondary,never,weekly,1,keyboard,touchstone_grid,I0014,7,7,299.552,66.789,232.763,1,3,0,3.0,1.0,2.0,5.0,4.0,0,0,,False,2026-08-14 07:09:37.451192+00:00
c2a13417-1398-4d49-bce2-bd477cfbae62,,P26,628fd120-1465-494a-9e1c-834b9ab98a33,screen_reader_school,school_01,baseline_first,en,2026-08-11 07:43:23.059507+00,prefer_not_to_say,prefer_not_to_say,hindi,advanced,postgraduate,very,never,5,prefer_not_to_say,audio_captcha_baseline,RECAPTCHA_V2,1,1,18.234,16.731,1.503,1,1,0,3.0,3.0,3.0,3.0,3.0,0,0,,False,2026-08-26 09:59:52.893520+00:00
6e4a04dd-c874-4f07-adfa-08dc08645fd4,,P26,628fd120-1465-494a-9e1c-834b9ab98a33,screen_reader_school,school_01,baseline_first,en,2026-08-11 07:43:23.059507+00,prefer_not_to_say,prefer_not_to_say,hindi,advanced,postgraduate,very,never,5,prefer_not_to_say,touchstone_grid,I0009,2,2,48.5,31.293,17.207,1,1,0,1.0,3.0,4.0,3.0,4.0,0,0,,False,2026-08-26 10:01:02.400155+00:00
039fa873-8c92-429c-912b-fe6489af260e,,P26,628fd120-1465-494a-9e1c-834b9ab98a33,screen_reader_school,school_01,baseline_first,en,2026-08-11 07:43:23.059507+00,prefer_not_to_say,prefer_not_to_say,hindi,advanced,postgraduate,very,never,5,prefer_not_to_say,touchstone_grid,I0010,3,3,30.384,21.341,9.043,1,1,0,1.0,3.0,4.0,3.0,4.0,0,0,,False,2026-08-26 10:01:36.248092+00:00
16808d5e-5a5a-4062-8bfe-03f1c2ad71d7,,P26,628fd120-1465-494a-9e1c-834b9ab98a33,screen_reader_school,school_01,baseline_first,en,2026-08-11 07:43:23.059507+00,prefer_not_to_say,prefer_not_to_say,hindi,advanced,postgraduate,very,never,5,prefer_not_to_say,touchstone_grid,I0011,4,4,60.625,52.264,8.361,1,1,0,1.0,3.0,4.0,3.0,4.0,0,0,,False,2026-08-26 10:02:39.607534+00:00
5d5c0ebc-a941-40ce-9a81-6a480329bd1c,,P26,628fd120-1465-494a-9e1c-834b9ab98a33,screen_reader_school,school_01,baseline_first,en,2026-08-11 07:43:23.059507+00,prefer_not_to_say,prefer_not_to_say,hindi,advanced,postgraduate,very,never,5,prefer_not_to_say,touchstone_grid,I0012,5,5,36.567,26.961,9.606,1,1,0,1.0,3.0,4.0,3.0,4.0,0,0,,False,2026-08-26 10:03:19.134774+00:00
60f5b4cb-3f89-42f9-988d-e32368d55e69,,P26,628fd120-1465-494a-9e1c-834b9ab98a33,screen_reader_school,school_01,baseline_first,en,2026-08-11 07:43:23.059507+00,prefer_not_to_say,prefer_not_to_say,hindi,advanced,postgraduate,very,never,5,prefer_not_to_say,touchstone_grid,I0013,6,6,85.056,22.151,62.905,1,1,0,1.0,3.0,4.0,3.0,4.0,0,0,,False,2026-08-26 10:04:47.594913+00:00
51c68848-5afc-429c-afa7-0618f53ec987,,P26,628fd120-1465-494a-9e1c-834b9ab98a33,screen_reader_school,school_01,baseline_first,en,2026-08-11 07:43:23.059507+00,prefer_not_to_say,prefer_not_to_say,hindi,advanced,postgraduate,very,never,5,prefer_not_to_say,touchstone_grid,I0014,7,7,93.95,84.975,8.975,1,1,0,1.0,3.0,4.0,3.0,4.0,0,0,,False,2026-08-26 10:06:24.715847+00:00
29f2ba30-25c0-4008-b47d-8e665ea0b703,,P27,80020d71-0914-4315-b753-a35aa59d7f68,screen_reader_school,school_01,prototype_first,en,2026-08-11 07:43:23.059507+00,prefer_not_to_say,prefer_not_to_say,hindi,fluent,postgraduate,very,prefer_not_to_say,4,prefer_not_to_say,touchstone_grid,I0009,1,1,54.939,44.137,10.802,1,1,0,3.0,3.0,2.0,3.0,3.0,0,0,,False,2026-08-26 10:15:18.814960+00:00
a8652ac4-c2df-4875-a1ef-fa46d6905d31,,P27,80020d71-0914-4315-b753-a35aa59d7f68,screen_reader_school,school_01,prototype_first,en,2026-08-11 07:43:23.059507+00,prefer_not_to_say,prefer_not_to_say,hindi,fluent,postgraduate,very,prefer_not_to_say,4,prefer_not_to_say,touchstone_grid,I0010,2,2,37.125,30.029,7.096,1,1,0,3.0,3.0,2.0,3.0,3.0,0,0,,False,2026-08-26 10:15:59.642933+00:00
c6dddf5a-406f-4c0a-b1f8-dea0fe0a5d36,,P27,80020d71-0914-4315-b753-a35aa59d7f68,screen_reader_school,school_01,prototype_first,en,2026-08-11 07:43:23.059507+00,prefer_not_to_say,prefer_not_to_say,hindi,fluent,postgraduate,very,prefer_not_to_say,4,prefer_not_to_say,touchstone_grid,I0011,3,3,128.817,119.811,9.006,1,1,0,3.0,3.0,2.0,3.0,3.0,0,0,,False,2026-08-26 10:18:11.096394+00:00
423e8b97-41af-4470-ae12-e658a1f6868d,,P27,80020d71-0914-4315-b753-a35aa59d7f68,screen_reader_school,school_01,prototype_first,en,2026-08-11 07:43:23.059507+00,prefer_not_to_say,prefer_not_to_say,hindi,fluent,postgraduate,very,prefer_not_to_say,4,prefer_not_to_say,touchstone_grid,I0012,4,4,147.028,140.716,6.312,1,1,0,3.0,3.0,2.0,3.0,3.0,0,0,,False,2026-08-26 10:20:42.041774+00:00
ce519e05-31e3-417f-af91-acb0bb5231d4,,P27,80020d71-0914-4315-b753-a35aa59d7f68,screen_reader_school,school_01,prototype_first,en,2026-08-11 07:43:23.059507+00,prefer_not_to_say,prefer_not_to_say,hindi,fluent,postgraduate,very,prefer_not_to_say,4,prefer_not_to_say,touchstone_grid,I0013,5,5,48.273,40.789,7.484,1,1,0,3.0,3.0,2.0,3.0,3.0,0,0,,False,2026-08-26 10:21:32.312952+00:00
1ff723f3-8c60-465b-b912-5211da9fe897,,P27,80020d71-0914-4315-b753-a35aa59d7f68,screen_reader_school,school_01,prototype_first,en,2026-08-11 07:43:23.059507+00,prefer_not_to_say,prefer_not_to_say,hindi,fluent,postgraduate,very,prefer_not_to_say,4,prefer_not_to_say,touchstone_grid,I0014,6,6,142.587,134.998,7.589,1,1,0,3.0,3.0,2.0,3.0,3.0,0,0,,False,2026-08-26 10:23:59.562687+00:00
b6acbf4b-5d17-4cc6-805f-77b9acfe2200,,P27,80020d71-0914-4315-b753-a35aa59d7f68,screen_reader_school,school_01,prototype_first,en,2026-08-11 07:43:23.059507+00,prefer_not_to_say,prefer_not_to_say,hindi,fluent,postgraduate,very,prefer_not_to_say,4,prefer_not_to_say,audio_captcha_baseline,RECAPTCHA_V2,7,7,11.048,1.263,9.785,1,1,0,1.0,1.0,1.0,2.0,1.0,0,0,,False,2026-08-26 10:24:56.942527+00:00
